"Tanggal","Close"
2020-01-02,6690
2020-01-03,6800
2020-01-06,6735
2020-01-07,6740
2020-01-08,6680
2020-01-09,6740
2020-01-10,6725
2020-01-13,6745
2020-01-14,6870
2020-01-15,6835
2020-01-16,6850
2020-01-17,6875
2020-01-20,6835
2020-01-21,6830
2020-01-22,6840
2020-01-23,6840
2020-01-24,6810
2020-01-27,6840
2020-01-28,6790
2020-01-29,6785
2020-01-30,6740
2020-01-31,6480
2020-02-03,6440
2020-02-04,6600
2020-02-05,6730
2020-02-06,6740
2020-02-07,6760
2020-02-10,6785
2020-02-11,6780
2020-02-12,6800
2020-02-13,6790
2020-02-14,6680
2020-02-17,6720
2020-02-18,6695
2020-02-19,6695
2020-02-20,6595
2020-02-21,6615
2020-02-24,6525
2020-02-25,6530
2020-02-26,6420
2020-02-27,6290
2020-02-28,6290
2020-03-02,6080
2020-03-03,6320
2020-03-04,6440
2020-03-05,6435
2020-03-06,6200
2020-03-09,5785
2020-03-10,5925
2020-03-11,5850
2020-03-12,5560
2020-03-13,5560
2020-03-16,5560
2020-03-17,5120
2020-03-18,5000
2020-03-19,4650
2020-03-20,4735
2020-03-23,4430
2020-03-24,4500
2020-03-26,5280
2020-03-27,5510
2020-03-30,5495
2020-03-31,5525
2020-04-01,5480
2020-04-02,5410
2020-04-03,5495
2020-04-06,5735
2020-04-07,5655
2020-04-08,5635
2020-04-09,5595
2020-04-13,5500
2020-04-14,5515
2020-04-15,5485
2020-04-16,5240
2020-04-17,5425
2020-04-20,5355
2020-04-21,5160
2020-04-22,5145
2020-04-23,5120
2020-04-24,4920
2020-04-27,4960
2020-04-28,4830
2020-04-29,4850
2020-04-30,5170
2020-05-04,5220
2020-05-05,5285
2020-05-06,5355
2020-05-08,5245
2020-05-11,5295
2020-05-12,5220
2020-05-13,5110
2020-05-14,4920
2020-05-15,4785
2020-05-18,4765
2020-05-19,4680
2020-05-20,4765
2020-05-26,4970
2020-05-27,4965
2020-05-28,5295
2020-05-29,5190
2020-06-02,5360
2020-06-03,5780
2020-06-04,5790
2020-06-05,5725
2020-06-08,5900
2020-06-09,5805
2020-06-10,5800
2020-06-11,5680
2020-06-12,5670
2020-06-15,5500
2020-06-16,5760
2020-06-17,5720
2020-06-18,5585
2020-06-19,5575
2020-06-22,5540
2020-06-23,5620
2020-06-24,5705
2020-06-25,5725
2020-06-26,5645
2020-06-29,5675
2020-06-30,5695
2020-07-01,5800
2020-07-02,5870
2020-07-03,5870
2020-07-06,5935
2020-07-07,5990
2020-07-08,6200
2020-07-09,6100
2020-07-10,6200
2020-07-13,6175
2020-07-14,6200
2020-07-15,6150
2020-07-16,6180
2020-07-17,6120
2020-07-20,6140
2020-07-21,6200
2020-07-22,6180
2020-07-23,6200
2020-07-24,6100
2020-07-27,6100
2020-07-28,6185
2020-07-29,6135
2020-07-30,6240
2020-08-03,6130
2020-08-04,6210
2020-08-05,6205
2020-08-06,6260
2020-08-07,6180
2020-08-10,6120
2020-08-11,6175
2020-08-12,6260
2020-08-13,6300
2020-08-14,6405
2020-08-18,6360
2020-08-19,6330
2020-08-24,6315
2020-08-25,6365
2020-08-26,6340
2020-08-27,6600
2020-08-28,6495
2020-08-31,6275
2020-09-01,6520
2020-09-02,6435
2020-09-03,6500
2020-09-04,6380
2020-09-07,6285
2020-09-08,6335
2020-09-09,6245
2020-09-10,5810
2020-09-11,5905
2020-09-14,6050
2020-09-15,5860
2020-09-16,5750
2020-09-17,5755
2020-09-18,5630
2020-09-21,5605
2020-09-22,5450
2020-09-23,5505
2020-09-24,5445
2020-09-25,5610
2020-09-28,5515
2020-09-29,5505
2020-09-30,5420
2020-10-01,5570
2020-10-02,5505
2020-10-05,5520
2020-10-06,5700
2020-10-07,5755
2020-10-08,5780
2020-10-09,5775
2020-10-12,5855
2020-10-13,5855
2020-10-14,5900
2020-10-15,5785
2020-10-16,5760
2020-10-19,5900
2020-10-20,5805
2020-10-21,5780
2020-10-22,5800
2020-10-23,5770
2020-10-26,5815
2020-10-27,5790
2020-11-02,5820
2020-11-03,5890
2020-11-04,5820
2020-11-05,6150
2020-11-06,6300
2020-11-09,6285
2020-11-10,6480
2020-11-11,6540
2020-11-12,6420
2020-11-13,6390
2020-11-16,6480
2020-11-17,6550
2020-11-18,6570
2020-11-19,6615
2020-11-20,6600
2020-11-23,6600
2020-11-24,6565
2020-11-25,6410
2020-11-26,6480
2020-11-27,6385
2020-11-30,6205
2020-12-01,6395
2020-12-02,6450
2020-12-03,6460
2020-12-04,6390
2020-12-07,6520
2020-12-08,6490
2020-12-10,6575
2020-12-11,6735
2020-12-14,6820
2020-12-15,6790
2020-12-16,6950
2020-12-17,6935
2020-12-18,6800
2020-12-21,6830
2020-12-22,6715
2020-12-23,6725
2020-12-28,6780
2020-12-29,6765
2020-12-30,6770
2021-01-04,6835
2021-01-05,7090
2021-01-06,6945
2021-01-07,6965
2021-01-08,7050
2021-01-11,7345
2021-01-12,7160
2021-01-13,7120
2021-01-14,7020
2021-01-15,6955
2021-01-18,7120
2021-01-19,7095
2021-01-20,7095
2021-01-21,7075
2021-01-22,7080
2021-01-25,7035
2021-01-26,6820
2021-01-27,6790
2021-01-28,6900
2021-01-29,6760
2021-02-01,6820
2021-02-02,6800
2021-02-03,6825
2021-02-04,6855
2021-02-05,6915
2021-02-08,6920
2021-02-09,6980
2021-02-10,6920
2021-02-11,6880
2021-02-15,6800
2021-02-16,6940
2021-02-17,6900
2021-02-18,6735
2021-02-19,6825
2021-02-22,6790
2021-02-23,6825
2021-02-24,6725
2021-02-25,6705
2021-02-26,6710
2021-03-01,7045
2021-03-02,7015
2021-03-03,7000
2021-03-04,6720
2021-03-05,6800
2021-03-08,6720
2021-03-09,6605
2021-03-10,6705
2021-03-12,6765
2021-03-15,6665
2021-03-16,6625
2021-03-17,6610
2021-03-18,6705
2021-03-19,6760
2021-03-22,6620
2021-03-23,6565
2021-03-24,6440
2021-03-25,6370
2021-03-26,6415
2021-03-29,6360
2021-03-30,6395
2021-03-31,6215
2021-04-01,6225
2021-04-05,6155
2021-04-06,6165
2021-04-07,6250
2021-04-08,6135
2021-04-09,6200
2021-04-12,6065
2021-04-13,6000
2021-04-14,6305
2021-04-15,6280
2021-04-16,6275
2021-04-19,6270
2021-04-20,6235
2021-04-21,6165
2021-04-22,6215
2021-04-23,6390
2021-04-26,6285
2021-04-27,6405
2021-04-28,6320
2021-04-29,6410
2021-04-30,6405
2021-05-03,6390
2021-05-04,6400
2021-05-05,6425
2021-05-06,6425
2021-05-07,6400
2021-05-10,6420
2021-05-11,6480
2021-05-17,6500
2021-05-18,6390
2021-05-19,6345
2021-05-20,6380
2021-05-21,6360
2021-05-24,6325
2021-05-25,6355
2021-05-27,6270
2021-05-28,6340
2021-05-31,6375
2021-06-02,6465
2021-06-03,6600
2021-06-04,6580
2021-06-07,6530
2021-06-08,6430
2021-06-09,6530
2021-06-10,6620
2021-06-11,6470
2021-06-14,6410
2021-06-15,6470
2021-06-16,6385
2021-06-17,6330
2021-06-18,6325
2021-06-21,6250
2021-06-22,6340
2021-06-23,6230
2021-06-24,6210
2021-06-25,6190
2021-06-28,6055
2021-06-29,6045
2021-06-30,6025
2021-07-01,6025
2021-07-02,6100
2021-07-05,6110
2021-07-06,6055
2021-07-07,6065
2021-07-08,6015
2021-07-09,6020
2021-07-12,6170
2021-07-13,6045
2021-07-14,5990
2021-07-15,6115
2021-07-16,6110
2021-07-19,6005
2021-07-21,6010
2021-07-22,6155
2021-07-23,6035
2021-07-26,6005
2021-07-27,6005
2021-07-28,5980
2021-07-29,6040
2021-07-30,5970
2021-08-02,5960
2021-08-03,6145
2021-08-04,6120
2021-08-05,6300
2021-08-06,6160
2021-08-09,6200
2021-08-10,6300
2021-08-12,6300
2021-08-13,6410
2021-08-16,6420
2021-08-18,6600
2021-08-19,6600
2021-08-20,6600
2021-08-23,6590
2021-08-24,6600
2021-08-25,6600
2021-08-26,6560
2021-08-27,6510
2021-08-30,6565
2021-08-31,6550
2021-09-01,6565
2021-09-02,6540
2021-09-03,6600
2021-09-06,6575
2021-09-07,6570
2021-09-08,6440
2021-09-09,6570
2021-09-10,6520
2021-09-13,6555
2021-09-14,6545
2021-09-15,6495
2021-09-16,6500
2021-09-17,6520
2021-09-20,6585
2021-09-21,6490
2021-09-22,6555
2021-09-23,6580
2021-09-24,6585
2021-09-27,6580
2021-09-28,6520
2021-09-29,6580
2021-09-30,7000
2021-10-01,6760
2021-10-04,6960
2021-10-05,6945
2021-10-06,7180
2021-10-07,7160
2021-10-08,7290
2021-10-11,7255
2021-10-12,7320
2021-10-13,7525
2021-10-14,7750
2021-10-15,7650
2021-10-18,7525
2021-10-19,7500
2021-10-21,7400
2021-10-22,7525
2021-10-25,7525
2021-10-26,7525
2021-10-27,7450
2021-10-28,7375
2021-10-29,7475
2021-11-01,7400
2021-11-02,7300
2021-11-03,7350
2021-11-04,7375
2021-11-05,7450
2021-11-08,7575
2021-11-09,7675
2021-11-10,7650
2021-11-11,7675
2021-11-12,7525
2021-11-15,7500
2021-11-16,7475
2021-11-17,7575
2021-11-18,7400
2021-11-19,7425
2021-11-22,7475
2021-11-23,7475
2021-11-24,7475
2021-11-25,7425
2021-11-26,7275
2021-11-29,7400
2021-11-30,7275
2021-12-01,7300
2021-12-02,7500
2021-12-03,7375
2021-12-06,7350
2021-12-07,7350
2021-12-08,7425
2021-12-09,7350
2021-12-10,7375
2021-12-13,7300
2021-12-14,7300
2021-12-15,7300
2021-12-16,7275
2021-12-17,7500
2021-12-20,7375
2021-12-21,7375
2021-12-22,7325
2021-12-23,7300
2021-12-24,7300
2021-12-27,7350
2021-12-28,7350
2021-12-29,7300
2021-12-30,7300
2022-01-03,7325
2022-01-04,7400
2022-01-05,7450
2022-01-06,7475
2022-01-07,7650
2022-01-10,7600
2022-01-11,7700
2022-01-12,7700
2022-01-13,7700
2022-01-14,7850
2022-01-17,7750
2022-01-18,7675
2022-01-19,7675
2022-01-20,7775
2022-01-21,7950
2022-01-24,7800
2022-01-25,7775
2022-01-26,7700
2022-01-27,7800
2022-01-28,7775
2022-01-31,7625
2022-02-02,7800
2022-02-03,7725
2022-02-04,7725
2022-02-07,7800
2022-02-08,7725
2022-02-09,7950
2022-02-10,7750
2022-02-11,7825
2022-02-14,7700
2022-02-15,7875
2022-02-16,7975
2022-02-17,7900
2022-02-18,7925
2022-02-21,7950
2022-02-22,7900
2022-02-23,8050
2022-02-24,8000
2022-02-25,8050
2022-03-01,8050
2022-03-02,7975
2022-03-04,7900
2022-03-07,7700
2022-03-08,7650
2022-03-09,7850
2022-03-10,7925
2022-03-11,7950
2022-03-14,8075
2022-03-15,8150
2022-03-16,8200
2022-03-17,8000
2022-03-18,7900
2022-03-21,7900
2022-03-22,7925
2022-03-23,7900
2022-03-24,7925
2022-03-25,7950
2022-03-28,7900
2022-03-29,7850
2022-03-30,7875
2022-03-31,7975
2022-04-01,7925
2022-04-04,7900
2022-04-05,7900
2022-04-06,7750
2022-04-07,7750
2022-04-08,7850
2022-04-11,7725
2022-04-12,7800
2022-04-13,7800
2022-04-14,7700
2022-04-18,7700
2022-04-19,7625
2022-04-20,7650
2022-04-21,7925
2022-04-22,7875
2022-04-25,8000
2022-04-26,8125
2022-04-27,8200
2022-04-28,8125
2022-05-09,7600
2022-05-10,7525
2022-05-11,7650
2022-05-12,7275
2022-05-13,7325
2022-05-17,7400
2022-05-18,7575
2022-05-19,7450
2022-05-20,7400
2022-05-23,7375
2022-05-24,7350
2022-05-25,7375
2022-05-27,7575
2022-05-30,7575
2022-05-31,7750
2022-06-02,7575
2022-06-03,7600
2022-06-06,7450
2022-06-07,7375
2022-06-08,7600
2022-06-09,7500
2022-06-10,7350
2022-06-13,7350
2022-06-14,7400
2022-06-15,7325
2022-06-16,7575
2022-06-17,7500
2022-06-20,7625
2022-06-21,7650
2022-06-22,7500
2022-06-23,7525
2022-06-24,7475
2022-06-27,7350
2022-06-28,7300
2022-06-29,7275
2022-06-30,7250
2022-07-01,7250
2022-07-04,7050
2022-07-05,7250
2022-07-06,7300
2022-07-07,7100
2022-07-08,7150
2022-07-11,7125
2022-07-12,7175
2022-07-13,7000
2022-07-14,7025
2022-07-15,7000
2022-07-18,7150
2022-07-19,7175
2022-07-20,7400
2022-07-21,7400
2022-07-22,7325
2022-07-25,7300
2022-07-26,7300
2022-07-27,7325
2022-07-28,7350
2022-07-29,7350
2022-08-01,7500
2022-08-02,7600
2022-08-03,7625
2022-08-04,7800
2022-08-05,7875
2022-08-08,7875
2022-08-09,7900
2022-08-10,7900
2022-08-11,7950
2022-08-12,7925
2022-08-15,7950
2022-08-16,7975
2022-08-18,8000
2022-08-19,7900
2022-08-22,8000
2022-08-23,7900
2022-08-24,7950
2022-08-25,8075
2022-08-26,8000
2022-08-29,8150
2022-08-30,8175
2022-08-31,8200
2022-09-01,8150
2022-09-02,8225
2022-09-05,8275
2022-09-06,8275
2022-09-07,8375
2022-09-08,8350
2022-09-09,8375
2022-09-12,8375
2022-09-13,8525
2022-09-14,8500
2022-09-15,8750
2022-09-16,8450
2022-09-19,8650
2022-09-20,8550
2022-09-21,8475
2022-09-22,8475
2022-09-23,8375
2022-09-26,8425
2022-09-27,8300
2022-09-28,8325
2022-09-29,8375
2022-09-30,8550
2022-10-03,8500
2022-10-04,8550
2022-10-05,8450
2022-10-06,8425
2022-10-07,8200
2022-10-10,8300
2022-10-11,8250
2022-10-12,8325
2022-10-13,8275
2022-10-14,8250
2022-10-17,8250
2022-10-18,8300
2022-10-19,8275
2022-10-20,8500
2022-10-21,8650
2022-10-24,8900
2022-10-25,8700
2022-10-26,8550
2022-10-27,8700
2022-10-28,8750
2022-10-31,8800
2022-11-01,8800
2022-11-02,8750
2022-11-03,8800
2022-11-04,8775
2022-11-07,8850
2022-11-08,8750
2022-11-09,8875
2022-11-10,8800
2022-11-11,8850
2022-11-14,8750
2022-11-15,8800
2022-11-16,8600
2022-11-17,8725
2022-11-18,8825
2022-11-21,8725
2022-11-22,8900
2022-11-23,8875
2022-11-24,9000
2022-11-25,8975
2022-11-28,9025
2022-11-29,8975
2022-11-30,9300
2022-12-01,9000
2022-12-02,8900
2022-12-05,8775
2022-12-06,8675
2022-12-07,8450
2022-12-08,8500
2022-12-09,8575
2022-12-12,8700
2022-12-13,8700
2022-12-14,8625
2022-12-15,8500
2022-12-16,8600
2022-12-19,8650
2022-12-20,8575
2022-12-21,8675
2022-12-22,8575
2022-12-23,8500
2022-12-26,8575
2022-12-27,8600
2022-12-28,8650
2022-12-29,8575
2022-12-30,8550
2023-01-02,8550
2023-01-03,8550
2023-01-04,8350
2023-01-05,8250
2023-01-06,8300
2023-01-09,8450
2023-01-10,8175
2023-01-11,8125
2023-01-12,8175
2023-01-13,8050
2023-01-16,8150
2023-01-17,8325
2023-01-18,8300
2023-01-19,8325
2023-01-20,8300
2023-01-24,8225
2023-01-25,8200
2023-01-26,8475
2023-01-27,8700
2023-01-30,8700
2023-01-31,8475
2023-02-01,8500
2023-02-02,8450
2023-02-03,8700
2023-02-06,8725
2023-02-07,8850
2023-02-08,8825
2023-02-09,8900
2023-02-10,8825
2023-02-13,8875
2023-02-14,8950
2023-02-15,8875
2023-02-16,8700
2023-02-17,8725
2023-02-20,8750
2023-02-21,8700
2023-02-22,8675
2023-02-23,8725
2023-02-24,8675
2023-02-27,8775
2023-02-28,8750
2023-03-01,8600
2023-03-02,8625
2023-03-03,8475
2023-03-06,8400
2023-03-07,8425
2023-03-08,8575
2023-03-09,8575
2023-03-10,8450
2023-03-13,8550
2023-03-14,8325
2023-03-15,8325
2023-03-16,8300
2023-03-17,8375
2023-03-20,8400
2023-03-21,8500
2023-03-24,8825
2023-03-27,8700
2023-03-28,8675
2023-03-29,8800
2023-03-30,8825
2023-03-31,8750
2023-04-03,8800
2023-04-04,8775
2023-04-05,8725
2023-04-06,8750
2023-04-10,8800
2023-04-11,8825
2023-04-12,8900
2023-04-13,8925
2023-04-14,9000
2023-04-17,9025
2023-04-18,9125
2023-04-26,9200
2023-04-27,9150
2023-04-28,9050
2023-05-02,9050
2023-05-03,8925
2023-05-04,9000
2023-05-05,9000
2023-05-08,9000
2023-05-09,8925
2023-05-10,8925
2023-05-11,8825
2023-05-12,8800
2023-05-15,8775
2023-05-16,8700
2023-05-17,8775
2023-05-19,9000
2023-05-22,9000
2023-05-23,9125
2023-05-24,9025
2023-05-25,9050
2023-05-26,9150
2023-05-29,9150
2023-05-30,9250
2023-05-31,9050
2023-06-05,9200
2023-06-06,9150
2023-06-07,9100
2023-06-08,9125
2023-06-09,9100
2023-06-12,9150
2023-06-13,9150
2023-06-14,9075
2023-06-15,9050
2023-06-16,9050
2023-06-19,9000
2023-06-20,9050
2023-06-21,9125
2023-06-22,9050
2023-06-23,9050
2023-06-26,9075
2023-06-27,9150
2023-07-03,9075
2023-07-04,9050
2023-07-05,9050
2023-07-06,9075
2023-07-07,9025
2023-07-10,9050
2023-07-11,9025
2023-07-12,9175
2023-07-13,9125
2023-07-14,9200
2023-07-17,9175
2023-07-18,9150
2023-07-20,9150
2023-07-21,9150
2023-07-24,9100
2023-07-25,9150
2023-07-26,9350
2023-07-27,9225
2023-07-28,9125
2023-07-31,9125
2023-08-01,9125
2023-08-02,9200
2023-08-03,9250
2023-08-04,9150
2023-08-07,9275
2023-08-08,9200
2023-08-09,9400
2023-08-10,9400
2023-08-11,9400
2023-08-14,9350
2023-08-15,9300
2023-08-16,9300
2023-08-18,9250
2023-08-21,9175
2023-08-22,9300
2023-08-23,9300
2023-08-24,9200
2023-08-25,9275
2023-08-28,9200
2023-08-29,9250
2023-08-30,9200
2023-08-31,9175
2023-09-01,9225
2023-09-04,9225
2023-09-05,9225
2023-09-06,9150
2023-09-07,9175
2023-09-08,9125
2023-09-11,9125
2023-09-12,9100
2023-09-13,9075
2023-09-14,9100
2023-09-15,9000
2023-09-18,9000
2023-09-19,9075
2023-09-20,9150
2023-09-21,9125
2023-09-22,9075
2023-09-25,9000
2023-09-26,8950
2023-09-27,8875
2023-09-29,8825
2023-10-02,9075
2023-10-03,9200
2023-10-04,9200
2023-10-05,9075
2023-10-06,9025
2023-10-09,9050
2023-10-10,8925
2023-10-11,8925
2023-10-12,9050
2023-10-13,9075
2023-10-16,9100
2023-10-17,8950
2023-10-18,8850
2023-10-19,8750
2023-10-20,8975
2023-10-23,8850
2023-10-24,8775
2023-10-25,8875
2023-10-26,8725
2023-10-27,8700
2023-10-30,8850
2023-10-31,8750
2023-11-01,8600
2023-11-02,8850
2023-11-03,8900
2023-11-06,9050
2023-11-07,8975
2023-11-08,9000
2023-11-09,9000
2023-11-10,8825
2023-11-13,8875
2023-11-14,8925
2023-11-15,9050
2023-11-16,9075
2023-11-17,9075
2023-11-20,8875
2023-11-21,8775
2023-11-22,8875
2023-11-23,8925
2023-11-24,8925
2023-11-27,8875
2023-11-28,8875
2023-11-29,8900
2023-11-30,8975
2023-12-01,8950
2023-12-04,8925
2023-12-05,8900
2023-12-06,8800
2023-12-07,8825
2023-12-08,8750
2023-12-11,8750
2023-12-12,8700
2023-12-13,8675
2023-12-14,9050
2023-12-15,9225
2023-12-18,9200
2023-12-19,9250
2023-12-20,9300
2023-12-21,9325
2023-12-22,9325
2023-12-27,9375
2023-12-28,9400
2023-12-29,9400
2024-01-02,9425
2024-01-03,9350
2024-01-04,9475
2024-01-05,9575
2024-01-08,9575
2024-01-09,9625
2024-01-10,9550
2024-01-11,9575
2024-01-12,9700
2024-01-15,9725
2024-01-16,9700
2024-01-17,9750
2024-01-18,9675
2024-01-19,9625
2024-01-22,9625
2024-01-23,9600
2024-01-24,9525
2024-01-25,9500
2024-01-26,9350
2024-01-29,9550
2024-01-30,9650
2024-01-31,9550
2024-02-01,9700
2024-02-02,9700
2024-02-05,9575
2024-02-06,9625
2024-02-07,9700
2024-02-12,9800
2024-02-13,9725
2024-02-15,9850
2024-02-16,9950
2024-02-19,9875
2024-02-20,10025
2024-02-21,9975
2024-02-22,9875
2024-02-23,9825
2024-02-26,9800
2024-02-27,9875
2024-02-28,10000
2024-02-29,9875
2024-03-01,9825
2024-03-04,9750
2024-03-05,9800
2024-03-06,9950
2024-03-07,10125
2024-03-08,10150
2024-03-13,10000
2024-03-14,10325
2024-03-15,10150
2024-03-18,10150
2024-03-19,10175
2024-03-20,10125
2024-03-21,10125
2024-03-22,10100
2024-03-25,10075
2024-03-26,10050
2024-03-27,10075
2024-03-28,10075
2024-04-01,9850
2024-04-02,9900
2024-04-03,9525
2024-04-04,9850
2024-04-05,9825
2024-04-16,9475
2024-04-17,9525
2024-04-18,9475
2024-04-19,9475
2024-04-22,9350
2024-04-23,9725
2024-04-24,9950
2024-04-25,9775
2024-04-26,9625
2024-04-29,9800
2024-04-30,9800
2024-05-02,9550
2024-05-03,9850
2024-05-06,9800
2024-05-07,9700
2024-05-08,9375
2024-05-13,9525
2024-05-14,9550
2024-05-15,9500
2024-05-16,9600
2024-05-17,9750
2024-05-20,9475
2024-05-21,9375
2024-05-22,9425
2024-05-27,9300
2024-05-28,9300
2024-05-29,9150
2024-05-30,9000
2024-05-31,9250
2024-06-03,9275
2024-06-04,9350
2024-06-05,9450
2024-06-06,9475
2024-06-07,9325
2024-06-10,9525
2024-06-11,9300
2024-06-12,9250
2024-06-13,9200
2024-06-14,9200
2024-06-19,9050
2024-06-20,9425
2024-06-21,9600
2024-06-24,9600
2024-06-25,9600
2024-06-26,9500
2024-06-27,9750
2024-06-28,9925
2024-07-01,9875
2024-07-02,9900
2024-07-03,10000
2024-07-04,9825
2024-07-05,9950
2024-07-08,10050
2024-07-09,10075
2024-07-10,10100
2024-07-11,10075
2024-07-12,10075
2024-07-15,10050
2024-07-16,9950
2024-07-17,9800
2024-07-18,10100
2024-07-19,10125
2024-07-22,10100
2024-07-23,10175
2024-07-24,10075
2024-07-25,10300
2024-07-26,10325
2024-07-29,10250
2024-07-30,10175
2024-07-31,10275
2024-08-01,10375
2024-08-02,10200
2024-08-05,9875
2024-08-06,10000
2024-08-07,10100
2024-08-08,10225
2024-08-09,10150
2024-08-12,10200
2024-08-13,10300
2024-08-14,10200
2024-08-15,10225
2024-08-16,10325
2024-08-19,10375
2024-08-20,10425
2024-08-21,10425
2024-08-22,10325
2024-08-23,10325
2024-08-26,10325
2024-08-27,10200
2024-08-28,10350
2024-08-29,10225
2024-08-30,10325
2024-09-02,10275
2024-09-03,10175
2024-09-04,10300
2024-09-05,10250
2024-09-06,10300
2024-09-09,10275
2024-09-10,10350
2024-09-11,10425
2024-09-12,10475
2024-09-13,10425
2024-09-17,10500
2024-09-18,10625
2024-09-19,10900
2024-09-20,10775
2024-09-23,10950
2024-09-24,10800
2024-09-25,10850
2024-09-26,10700
2024-09-27,10650
2024-09-30,10325
2024-10-01,10550
2024-10-02,10500
2024-10-03,10450
2024-10-04,10475
2024-10-07,10300
2024-10-08,10400
2024-10-09,10425
2024-10-10,10500
2024-10-11,10375
2024-10-14,10500
2024-10-15,10625
2024-10-16,10475
2024-10-17,10725
2024-10-18,10750
2024-10-21,10675
2024-10-22,10500
2024-10-23,10650
2024-10-24,10700
2024-10-25,10750
2024-10-28,10600
2024-10-29,10500
2024-10-30,10350
2024-10-31,10250
2024-11-01,10425
2024-11-04,10375
2024-11-05,10500
2024-11-06,10450
2024-11-07,10175
2024-11-08,10075
2024-11-11,10050
2024-11-12,10150
2024-11-13,10150
2024-11-14,10100
2024-11-15,10175
2024-11-18,10000
2024-11-19,9925
2024-11-20,10075
2024-11-21,9850
2024-11-22,9850
2024-11-25,10175
2024-11-26,10000
2024-11-28,10000
2024-11-29,10000
2024-12-02,9750
2024-12-03,10200
2024-12-04,10200
2024-12-05,10250
2024-12-06,10075
2024-12-09,10350
2024-12-10,10350
2024-12-11,10425
2024-12-12,10175
2024-12-13,10050
2024-12-16,10100
2024-12-17,9900
2024-12-18,9800
2024-12-19,9675
2024-12-20,9650
2024-12-23,9775
2024-12-24,9750
2024-12-27,9800
2024-12-30,9675
2025-01-02,9900
2025-01-03,9850
2025-01-06,9675
2025-01-07,9525
2025-01-08,9675
2025-01-09,9850
2025-01-10,9725
2025-01-13,9675
2025-01-14,9525
2025-01-15,9800
2025-01-16,9750
2025-01-17,9900
2025-01-20,9625
2025-01-21,9575
2025-01-22,9600
2025-01-23,9600
2025-01-24,9350
2025-01-30,9150
2025-01-31,9450
2025-02-03,9350
2025-02-04,9175
2025-02-05,9125
2025-02-06,8950
2025-02-07,9350
2025-02-10,9150
2025-02-11,9075
2025-02-12,9150
2025-02-13,9000
2025-02-14,8975
2025-02-17,9325
2025-02-18,9300
2025-02-19,8950
2025-02-20,9000
2025-02-21,9000
2025-02-24,8925
2025-02-25,8825
2025-02-26,8775
2025-02-27,8525
2025-02-28,8425
2025-03-03,8800
2025-03-04,8850
2025-03-05,9000
2025-03-06,8975
2025-03-07,8925
2025-03-10,8925
2025-03-11,8925
2025-03-12,9125
2025-03-13,8975
2025-03-14,8750
2025-03-17,8600
2025-03-18,8300
2025-03-19,8325
2025-03-20,8375
2025-03-21,7900
2025-03-24,7950
2025-03-25,8050
2025-03-26,8525
2025-03-27,8500
2025-04-08,7775
2025-04-09,7925
2025-04-10,8225
2025-04-11,8275
2025-04-14,8400
2025-04-15,8575
2025-04-16,8475
2025-04-17,8500
2025-04-21,8300
2025-04-22,8500
2025-04-23,8725
2025-04-24,8475
2025-04-25,8600
2025-04-28,8775
2025-04-29,8725
2025-04-30,8825
2025-05-02,8975
2025-05-05,8975
2025-05-06,9025
2025-05-07,9075
2025-05-08,8975
2025-05-09,9000
2025-05-14,9275
2025-05-15,9275
2025-05-16,9300
2025-05-19,9500
2025-05-20,9475
2025-05-21,9700
2025-05-22,9650
2025-05-23,9675
2025-05-26,9625
2025-05-27,9450
2025-05-28,9400
2025-06-02,9100
2025-06-03,9050
2025-06-04,8975
2025-06-05,8925
2025-06-10,9100
2025-06-11,9050
2025-06-12,9125
2025-06-13,9025
2025-06-16,8925
2025-06-17,9075
2025-06-18,8900
2025-06-19,8775
2025-06-20,8700
2025-06-23,8625
2025-06-24,8775
2025-06-25,8600
2025-06-26,8650
2025-06-30,8675
2025-07-01,8700
2025-07-02,8675
2025-07-03,8600
2025-07-04,8650
2025-07-07,8625
2025-07-08,8500
2025-07-09,8500
2025-07-10,8600
2025-07-11,8625
2025-07-14,8525
2025-07-15,8550
2025-07-16,8525
2025-07-17,8525
2025-07-18,8425
2025-07-21,8450
2025-07-22,8400
2025-07-23,8425
2025-07-24,8500
2025-07-25,8450
2025-07-28,8500
2025-07-29,8400
2025-07-30,8375
2025-07-31,8275
2025-08-01,8300
2025-08-04,8275
2025-08-05,8425
2025-08-06,8300
2025-08-07,8300
2025-08-08,8300
2025-08-11,8550
2025-08-12,8850
2025-08-13,8925
2025-08-14,8775
2025-08-15,8700
2025-08-19,8500
2025-08-20,8525
2025-08-21,8550
2025-08-22,8450
2025-08-25,8475
2025-08-26,8250
2025-08-27,8300
2025-08-28,8325
2025-08-29,8075
2025-09-01,8000
2025-09-02,8000
2025-09-03,7975
2025-09-04,8000
2025-09-08,7700
2025-09-09,7525
2025-09-10,7800
2025-09-11,7850
2025-09-12,7925
2025-09-15,8025
2025-09-16,7925
2025-09-17,7850
2025-09-18,7700
2025-09-19,7800
2025-09-22,7725
2025-09-23,7875
2025-09-24,7775
2025-09-25,7700
2025-09-26,7625
2025-09-29,7775
2025-09-30,7625
2025-10-01,7500
2025-10-02,7500
2025-10-03,7525
2025-10-06,7500
2025-10-07,7575
2025-10-08,7375
2025-10-09,7550
2025-10-10,7400
2025-10-13,7325
2025-10-14,7250
2025-10-15,7250
2025-10-16,7300
2025-10-17,7500
2025-10-20,7875
2025-10-21,8475
2025-10-22,8200
2025-10-23,8325
2025-10-24,8275
2025-10-27,8350
2025-10-28,8275
2025-10-29,8600
2025-10-30,8525
2025-10-31,8525
2025-11-03,8650
2025-11-04,8650
2025-11-05,8700
2025-11-06,8550
2025-11-07,8675
2025-11-10,8575
2025-11-11,8400
2025-11-12,8500
2025-11-13,8375
2025-11-14,8425
2025-11-17,8575
2025-11-18,8400
2025-11-19,8475
2025-11-20,8425
2025-11-21,8400
2025-11-24,8475
2025-11-25,8500
2025-11-26,8425
2025-11-27,8325
2025-11-28,8275
2025-12-01,8400
2025-12-02,8375
2025-12-03,8300
2025-12-04,8225
2025-12-05,8300
2025-12-08,8300
2025-12-09,8100
2025-12-10,8075
2025-12-11,8000
2025-12-12,8000
2025-12-15,8300
2025-12-16,8075
2025-12-17,8025
2025-12-18,8175
2025-12-19,8050
2025-12-22,8175
2025-12-23,8025
2025-12-24,8025
2025-12-29,8025
2025-12-30,8075
2026-01-02,8025
2026-01-05,8075
2026-01-06,8175
2026-01-07,8150
2026-01-08,8050
2026-01-09,8125
2026-01-12,8025
2026-01-13,8075
2026-01-14,8000
2026-01-15,8075
2026-01-19,8125
2026-01-20,8000
2026-01-21,7700
2026-01-22,7650
2026-01-23,7650
2026-01-26,7650
2026-01-27,7500
2026-01-28,7025
2026-01-29,7200
2026-01-30,7400
2026-02-02,7600
2026-02-03,7650
2026-02-04,7800
2026-02-05,7800
2026-02-06,7675
2026-02-09,7500
2026-02-10,7475
2026-02-11,7450
2026-02-12,7325
2026-02-13,7200
2026-02-18,7275
2026-02-19,7175
2026-02-20,7225
2026-02-23,7300
2026-02-24,7225
2026-02-25,7325
2026-02-26,7300
2026-02-27,7175
2026-03-02,7025
2026-03-03,7075
2026-03-04,6875
2026-03-05,7100
2026-03-06,7000
2026-03-09,6875
2026-03-10,6975
2026-03-11,6825
2026-03-12,6900
2026-03-13,6875
2026-03-16,6750
2026-03-17,6775
2026-03-25,6900
2026-03-26,6875
2026-03-27,6700
2026-03-30,6450
2026-03-31,6450
2026-04-01,6500
2026-04-02,6575
2026-04-06,6500
2026-04-07,6500
2026-04-08,6750
2026-04-09,6475
2026-04-10,6700
2026-04-13,6575
2026-04-14,6750
2026-04-15,6550
2026-04-16,6525
2026-04-17,6425
2026-04-20,6475
2026-04-21,6500
2026-04-22,6450
2026-04-23,6425
2026-04-24,6050
2026-04-27,5975
2026-04-28,6000
2026-04-29,5975
2026-04-30,5850
2026-05-01,NA
2026-05-04,5900
2026-05-05,5950
2026-05-06,5950
2026-05-07,6225
2026-05-08,6175
2026-05-11,6150
2026-05-12,6125
2026-05-13,6100
2026-05-14,6100
2026-05-15,6100
2026-05-18,6125
2026-05-19,5950
2026-05-20,5975
2026-05-21,5950
2026-05-22,5900
2026-05-25,6100
2026-05-26,5975
2026-05-27,5975
2026-05-28,5975
2026-05-29,5700
2026-06-01,NA
2026-06-02,5825
2026-06-03,5525
2026-06-04,5425
2026-06-05,5075
2026-06-08,4850
2026-06-09,5150
2026-06-10,5650
2026-06-11,5825
2026-06-12,5925
2026-06-15,6275
2026-06-16,NA
2026-06-17,6275
2026-06-18,6075
2026-06-19,6300
2026-06-22,6225
2026-06-23,6125
2026-06-24,5925
2026-06-25,6025
2026-06-26,6175
2026-06-29,5925
2026-06-30,5550
2026-07-01,5600
2026-07-02,5800
2026-07-03,6050
2026-07-06,6125
2026-07-07,6300
2026-07-08,6175
2026-07-09,6200
2026-07-10,6175
2026-07-13,6225
2026-07-14,6125
2026-07-15,6125
2026-07-16,6225
2026-07-17,6475
2026-07-20,6475
2026-07-21,6525
2026-07-22,6500
2026-07-23,6275
2026-07-24,6275
2026-07-27,6300
2026-07-28,6225
2026-07-29,6275
2026-07-30,6450
2026-07-31,6325
2026-08-03,6300
2026-08-04,6500
2026-08-05,6450
2026-08-06,6350
2026-08-07,6375
2026-08-10,6375
2026-08-11,6300
2026-08-12,6350
2026-08-13,6375
2026-08-14,6350
2026-08-17,NA
2026-08-18,6300
2026-08-19,6300
2026-08-20,6400
2026-08-21,6450
