Tanggal,Curah_Hujan_mm
1969-01-01,0.0
1969-01-02,0.0
1969-01-03,0.0
1969-01-04,0.0
1969-01-05,0.0
1969-01-06,0.0
1969-01-07,0.0
1969-01-08,10.0
1969-01-09,0.0
1969-01-10,5.0
1969-01-11,0.0
1969-01-12,5.0
1969-01-13,22.0
1969-01-14,0.0
1969-01-15,0.0
1969-01-16,70.0
1969-01-17,10.0
1969-01-18,7.0
1969-01-19,14.0
1969-01-20,61.0
1969-01-21,47.0
1969-01-22,1.0
1969-01-23,37.0
1969-01-24,24.0
1969-01-25,4.0
1969-01-26,0.0
1969-01-27,16.0
1969-01-28,66.0
1969-01-29,0.0
1969-01-30,0.0
1969-01-31,0.0
1969-02-01,14.0
1969-02-02,35.0
1969-02-03,15.0
1969-02-04,32.0
1969-02-05,27.0
1969-02-06,4.0
1969-02-07,4.0
1969-02-08,14.0
1969-02-09,11.0
1969-02-10,2.0
1969-02-11,0.0
1969-02-12,19.0
1969-02-13,4.0
1969-02-14,3.0
1969-02-15,0.0
1969-02-16,19.0
1969-02-17,27.0
1969-02-18,33.0
1969-02-19,5.0
1969-02-20,0.0
1969-02-21,1.0
1969-02-22,0.0
1969-02-23,0.0
1969-02-24,13.0
1969-02-25,0.0
1969-02-26,1.0
1969-02-27,0.0
1969-02-28,10.0
1969-03-01,15.0
1969-03-02,6.0
1969-03-03,0.0
1969-03-04,0.0
1969-03-05,0.0
1969-03-06,0.0
1969-03-07,6.0
1969-03-08,0.0
1969-03-09,0.0
1969-03-10,0.0
1969-03-11,0.0
1969-03-12,33.0
1969-03-13,73.0
1969-03-14,30.0
1969-03-15,10.0
1969-03-16,28.0
1969-03-17,32.0
1969-03-18,47.0
1969-03-19,5.0
1969-03-20,53.0
1969-03-21,0.0
1969-03-22,3.0
1969-03-23,63.0
1969-03-24,6.0
1969-03-25,0.0
1969-03-26,0.0
1969-03-27,0.0
1969-03-28,0.0
1969-03-29,2.0
1969-03-30,0.0
1969-03-31,0.0
1969-04-01,21.0
1969-04-02,2.0
1969-04-03,3.0
1969-04-04,35.0
1969-04-05,79.0
1969-04-06,17.0
1969-04-07,5.0
1969-04-08,0.0
1969-04-09,1.0
1969-04-10,54.0
1969-04-11,12.0
1969-04-12,6.0
1969-04-13,52.0
1969-04-14,1.0
1969-04-15,44.0
1969-04-16,4.0
1969-04-17,2.0
1969-04-18,0.0
1969-04-19,0.0
1969-04-20,102.0
1969-04-21,7.0
1969-04-22,9.0
1969-04-23,31.0
1969-04-24,4.0
1969-04-25,549.0
1969-04-26,21.0
1969-04-27,3.0
1969-04-28,61.0
1969-04-29,2.0
1969-04-30,0.0
1969-05-01,0.0
1969-05-02,0.0
1969-05-03,0.0
1969-05-04,0.0
1969-05-05,0.0
1969-05-06,0.0
1969-05-07,4.0
1969-05-08,57.0
1969-05-09,0.0
1969-05-10,0.0
1969-05-11,0.0
1969-05-12,15.0
1969-05-13,31.0
1969-05-14,0.0
1969-05-15,0.0
1969-05-16,0.0
1969-05-17,1.0
1969-05-18,0.0
1969-05-19,0.0
1969-05-20,103.0
1969-05-21,0.0
1969-05-22,2.0
1969-05-23,0.0
1969-05-24,0.0
1969-05-25,0.0
1969-05-26,0.0
1969-05-27,97.0
1969-05-28,14.0
1969-05-29,12.0
1969-05-30,0.0
1969-05-31,8.0
1969-06-01,2.0
1969-06-02,0.0
1969-06-03,90.0
1969-06-04,4.0
1969-06-05,0.0
1969-06-06,1.0
1969-06-07,1.0
1969-06-08,14.0
1969-06-09,3.0
1969-06-10,0.0
1969-06-11,0.0
1969-06-12,0.0
1969-06-13,0.0
1969-06-14,0.0
1969-06-15,0.0
1969-06-16,25.0
1969-06-17,14.0
1969-06-18,1.0
1969-06-19,0.0
1969-06-20,0.0
1969-06-21,0.0
1969-06-22,0.0
1969-06-23,0.0
1969-06-24,0.0
1969-06-25,0.0
1969-06-26,0.0
1969-06-27,0.0
1969-06-28,0.0
1969-06-29,12.0
1969-06-30,0.0
1969-07-01,0.0
1969-07-02,0.0
1969-07-03,15.0
1969-07-04,57.0
1969-07-05,0.0
1969-07-06,0.0
1969-07-07,0.0
1969-07-08,20.0
1969-07-09,69.0
1969-07-10,34.0
1969-07-11,5.0
1969-07-12,0.0
1969-07-13,0.0
1969-07-14,0.0
1969-07-15,0.0
1969-07-16,0.0
1969-07-17,1.0
1969-07-18,13.0
1969-07-19,0.0
1969-07-20,0.0
1969-07-21,13.0
1969-07-22,2.0
1969-07-23,0.0
1969-07-24,0.0
1969-07-25,0.0
1969-07-26,0.0
1969-07-27,0.0
1969-07-28,0.0
1969-07-29,3.0
1969-07-30,0.0
1969-07-31,0.0
1969-08-01,0.0
1969-08-02,0.0
1969-08-03,0.0
1969-08-04,0.0
1969-08-05,0.0
1969-08-06,0.0
1969-08-07,5.0
1969-08-08,0.0
1969-08-09,0.0
1969-08-10,0.0
1969-08-11,0.0
1969-08-12,0.0
1969-08-13,0.0
1969-08-14,2.0
1969-08-15,0.0
1969-08-16,0.0
1969-08-17,0.0
1969-08-18,0.0
1969-08-19,0.0
1969-08-20,2.0
1969-08-21,0.0
1969-08-22,0.0
1969-08-23,0.0
1969-08-24,0.0
1969-08-25,0.0
1969-08-26,0.0
1969-08-27,0.0
1969-08-28,3.0
1969-08-29,0.0
1969-08-30,0.0
1969-08-31,0.0
1969-09-01,13.0
1969-09-02,8.0
1969-09-03,0.0
1969-09-04,0.0
1969-09-05,29.0
1969-09-06,0.0
1969-09-07,6.0
1969-09-08,0.0
1969-09-09,19.0
1969-09-10,17.0
1969-09-11,17.0
1969-09-12,27.0
1969-09-13,0.0
1969-09-14,0.0
1969-09-15,60.0
1969-09-16,8.0
1969-09-17,0.0
1969-09-18,37.0
1969-09-19,35.0
1969-09-20,91.0
1969-09-21,0.0
1969-09-22,5.0
1969-09-23,6.0
1969-09-24,0.0
1969-09-25,0.0
1969-09-26,2.0
1969-09-27,0.0
1969-09-28,60.0
1969-09-29,0.0
1969-09-30,0.0
1969-10-01,0.0
1969-10-02,30.0
1969-10-03,0.0
1969-10-04,0.0
1969-10-05,0.0
1969-10-06,0.0
1969-10-07,0.0
1969-10-08,0.0
1969-10-09,0.0
1969-10-10,0.0
1969-10-11,0.0
1969-10-12,0.0
1969-10-13,0.0
1969-10-14,0.0
1969-10-15,15.0
1969-10-16,0.0
1969-10-17,0.0
1969-10-18,0.0
1969-10-19,0.0
1969-10-20,68.0
1969-10-21,15.0
1969-10-22,0.0
1969-10-23,0.0
1969-10-24,28.0
1969-10-25,38.0
1969-10-26,2.0
1969-10-27,43.0
1969-10-28,53.0
1969-10-29,19.0
1969-10-30,57.0
1969-10-31,0.0
1969-11-01,66.0
1969-11-02,15.0
1969-11-03,13.0
1969-11-04,73.0
1969-11-05,1.0
1969-11-06,16.0
1969-11-07,50.0
1969-11-08,9.0
1969-11-09,35.0
1969-11-10,5.0
1969-11-11,3.0
1969-11-12,0.0
1969-11-13,5.0
1969-11-14,47.0
1969-11-15,8.0
1969-11-16,0.0
1969-11-17,0.0
1969-11-18,4.0
1969-11-19,0.0
1969-11-20,0.0
1969-11-21,0.0
1969-11-22,0.0
1969-11-23,1.0
1969-11-24,2.0
1969-11-25,40.0
1969-11-26,0.0
1969-11-27,0.0
1969-11-28,16.0
1969-11-29,32.0
1969-11-30,0.0
1969-12-01,0.0
1969-12-02,7.0
1969-12-03,1.0
1969-12-04,2.0
1969-12-05,0.0
1969-12-06,18.0
1969-12-07,5.0
1969-12-08,0.0
1969-12-09,0.0
1969-12-10,0.0
1969-12-11,0.0
1969-12-12,0.0
1969-12-13,0.0
1969-12-14,0.0
1969-12-15,20.0
1969-12-16,0.0
1969-12-17,0.0
1969-12-18,0.0
1969-12-19,3.0
1969-12-20,12.0
1969-12-21,0.0
1969-12-22,0.0
1969-12-23,0.0
1969-12-24,2.0
1969-12-25,0.0
1969-12-26,0.0
1969-12-27,0.0
1969-12-28,24.0
1969-12-29,3.0
1969-12-30,0.0
1969-12-31,3.0
1970-01-01,0.0
1970-01-02,0.0
1970-01-03,9.0
1970-01-04,0.0
1970-01-05,30.0
1970-01-06,5.0
1970-01-07,18.0
1970-01-08,31.0
1970-01-09,2.0
1970-01-10,9.0
1970-01-11,2.0
1970-01-12,1.0
1970-01-13,33.0
1970-01-14,6.0
1970-01-15,0.0
1970-01-16,9.0
1970-01-17,0.0
1970-01-18,0.0
1970-01-19,18.0
1970-01-20,11.0
1970-01-21,2.0
1970-01-22,5.0
1970-01-23,27.0
1970-01-24,3.0
1970-01-25,2.0
1970-01-26,53.0
1970-01-27,0.0
1970-01-28,1.0
1970-01-29,18.0
1970-01-30,17.0
1970-01-31,23.0
1970-02-01,4.0
1970-02-02,17.0
1970-02-03,0.0
1970-02-04,40.0
1970-02-05,9.0
1970-02-06,21.0
1970-02-07,19.0
1970-02-08,19.0
1970-02-09,2.0
1970-02-10,58.0
1970-02-11,4.0
1970-02-12,1.0
1970-02-13,0.0
1970-02-14,0.0
1970-02-15,0.0
1970-02-16,33.0
1970-02-17,5.0
1970-02-18,23.0
1970-02-19,1.0
1970-02-20,10.0
1970-02-21,24.0
1970-02-22,0.0
1970-02-23,16.0
1970-02-24,2.0
1970-02-25,7.0
1970-02-26,29.0
1970-02-27,124.0
1970-02-28,6.0
1970-03-01,6.0
1970-03-02,10.0
1970-03-03,10.0
1970-03-04,30.0
1970-03-05,5.0
1970-03-06,1.0
1970-03-07,35.0
1970-03-08,0.0
1970-03-09,0.0
1970-03-10,0.0
1970-03-11,5.0
1970-03-12,22.0
1970-03-13,15.0
1970-03-14,0.0
1970-03-15,41.0
1970-03-16,0.0
1970-03-17,12.0
1970-03-18,12.0
1970-03-19,1.0
1970-03-20,7.0
1970-03-21,9.0
1970-03-22,3.0
1970-03-23,3.0
1970-03-24,1.0
1970-03-25,0.0
1970-03-26,3.0
1970-03-27,0.0
1970-03-28,31.0
1970-03-29,6.0
1970-03-30,1.0
1970-03-31,3.0
1970-04-01,55.0
1970-04-02,33.0
1970-04-03,17.0
1970-04-04,8.0
1970-04-05,0.0
1970-04-06,6.0
1970-04-07,26.0
1970-04-08,15.0
1970-04-09,2.0
1970-04-10,0.0
1970-04-11,59.0
1970-04-12,28.0
1970-04-13,33.0
1970-04-14,0.0
1970-04-15,0.0
1970-04-16,0.0
1970-04-17,0.0
1970-04-18,1.0
1970-04-19,7.0
1970-04-20,15.0
1970-04-21,0.0
1970-04-22,0.0
1970-04-23,1.0
1970-04-24,3.0
1970-04-25,9.0
1970-04-26,0.0
1970-04-27,0.0
1970-04-28,0.0
1970-04-29,1.0
1970-04-30,21.0
1970-05-01,4.0
1970-05-02,0.0
1970-05-03,0.0
1970-05-04,32.0
1970-05-05,2.0
1970-05-06,1.0
1970-05-07,0.0
1970-05-08,1.0
1970-05-09,19.0
1970-05-10,20.0
1970-05-11,1.0
1970-05-12,31.0
1970-05-13,55.0
1970-05-14,0.0
1970-05-15,0.0
1970-05-16,33.0
1970-05-17,5.0
1970-05-18,3.0
1970-05-19,9.0
1970-05-20,3.0
1970-05-21,9.0
1970-05-22,0.0
1970-05-23,0.0
1970-05-24,0.0
1970-05-25,3.0
1970-05-26,5.0
1970-05-27,0.0
1970-05-28,0.0
1970-05-29,41.0
1970-05-30,3.0
1970-05-31,12.0
1970-06-01,0.0
1970-06-02,35.0
1970-06-03,0.0
1970-06-04,3.0
1970-06-05,1.0
1970-06-06,2.0
1970-06-07,57.0
1970-06-08,8.0
1970-06-09,2.0
1970-06-10,2.0
1970-06-11,0.0
1970-06-12,15.0
1970-06-13,1.0
1970-06-14,0.0
1970-06-15,4.0
1970-06-16,23.0
1970-06-17,3.0
1970-06-18,0.0
1970-06-19,0.0
1970-06-20,0.0
1970-06-21,0.0
1970-06-22,0.0
1970-06-23,0.0
1970-06-24,0.0
1970-06-25,13.0
1970-06-26,8.0
1970-06-27,5.0
1970-06-28,3.0
1970-06-29,0.0
1970-06-30,0.0
1970-07-01,2.0
1970-07-02,0.0
1970-07-03,0.0
1970-07-04,0.0
1970-07-05,0.0
1970-07-06,0.0
1970-07-07,3.0
1970-07-08,4.0
1970-07-09,0.0
1970-07-10,0.0
1970-07-11,0.0
1970-07-12,0.0
1970-07-13,0.0
1970-07-14,0.0
1970-07-15,1.0
1970-07-16,0.0
1970-07-17,0.0
1970-07-18,0.0
1970-07-19,8.0
1970-07-20,9.0
1970-07-21,31.0
1970-07-22,0.0
1970-07-23,0.0
1970-07-24,0.0
1970-07-25,24.0
1970-07-26,0.0
1970-07-27,0.0
1970-07-28,30.0
1970-07-29,59.0
1970-07-30,0.0
1970-07-31,0.0
1970-08-01,66.0
1970-08-02,0.0
1970-08-03,0.0
1970-08-04,0.0
1970-08-05,0.0
1970-08-06,0.0
1970-08-07,0.0
1970-08-08,56.0
1970-08-09,0.0
1970-08-10,0.0
1970-08-11,0.0
1970-08-12,0.0
1970-08-13,0.0
1970-08-14,0.0
1970-08-15,0.0
1970-08-16,0.0
1970-08-17,16.0
1970-08-18,0.0
1970-08-19,0.0
1970-08-20,0.0
1970-08-21,2.0
1970-08-22,121.0
1970-08-23,1.0
1970-08-24,0.0
1970-08-25,0.0
1970-08-26,19.0
1970-08-27,1.0
1970-08-28,0.0
1970-08-29,8.0
1970-08-30,0.0
1970-08-31,0.0
1970-09-01,3.0
1970-09-02,0.0
1970-09-03,0.0
1970-09-04,0.0
1970-09-05,0.0
1970-09-06,0.0
1970-09-07,0.0
1970-09-08,0.0
1970-09-09,0.0
1970-09-10,118.0
1970-09-11,10.0
1970-09-12,6.0
1970-09-13,0.0
1970-09-14,60.0
1970-09-15,0.0
1970-09-16,1.0
1970-09-17,40.0
1970-09-18,9.0
1970-09-19,19.0
1970-09-20,81.0
1970-09-21,4.0
1970-09-22,6.0
1970-09-23,53.0
1970-09-24,8.0
1970-09-25,0.0
1970-09-26,11.0
1970-09-27,0.0
1970-09-28,0.0
1970-09-29,0.0
1970-09-30,0.0
1970-10-01,0.0
1970-10-02,0.0
1970-10-03,0.0
1970-10-04,0.0
1970-10-05,28.0
1970-10-06,1.0
1970-10-07,0.0
1970-10-08,6.0
1970-10-09,33.0
1970-10-10,0.0
1970-10-11,0.0
1970-10-12,0.0
1970-10-13,39.0
1970-10-14,8.0
1970-10-15,5.0
1970-10-16,0.0
1970-10-17,13.0
1970-10-18,0.0
1970-10-19,28.0
1970-10-20,64.0
1970-10-21,14.0
1970-10-22,8.0
1970-10-23,2.0
1970-10-24,0.0
1970-10-25,0.0
1970-10-26,0.0
1970-10-27,8.0
1970-10-28,0.0
1970-10-29,10.0
1970-10-30,0.0
1970-10-31,0.0
1970-11-01,0.0
1970-11-02,7.0
1970-11-03,9.0
1970-11-04,0.0
1970-11-05,16.0
1970-11-06,0.0
1970-11-07,0.0
1970-11-08,6.0
1970-11-09,27.0
1970-11-10,0.0
1970-11-11,0.0
1970-11-12,1.0
1970-11-13,20.0
1970-11-14,21.0
1970-11-15,24.0
1970-11-16,6.0
1970-11-17,11.0
1970-11-18,12.0
1970-11-19,38.0
1970-11-20,2.0
1970-11-21,7.0
1970-11-22,0.0
1970-11-23,29.0
1970-11-24,9.0
1970-11-25,3.0
1970-11-26,2.0
1970-11-27,24.0
1970-11-28,0.0
1970-11-29,0.0
1970-11-30,1.0
1970-12-01,1.0
1970-12-02,1.0
1970-12-03,3.0
1970-12-04,0.0
1970-12-05,0.0
1970-12-06,0.0
1970-12-07,1.0
1970-12-08,0.0
1970-12-09,0.0
1970-12-10,0.0
1970-12-11,21.0
1970-12-12,0.0
1970-12-13,0.0
1970-12-14,1.0
1970-12-15,1.0
1970-12-16,12.0
1970-12-17,30.0
1970-12-18,13.0
1970-12-19,6.0
1970-12-20,3.0
1970-12-21,12.0
1970-12-22,0.0
1970-12-23,24.0
1970-12-24,2.0
1970-12-25,1.0
1970-12-26,10.0
1970-12-27,3.0
1970-12-28,17.0
1970-12-29,3.0
1970-12-30,9.0
1970-12-31,0.0
